cell,regime,b,beta,n,repeats,population_gap,population_refinement,bias,rmse,coverage,coverage_mc_se,coverage_lo,coverage_hi,interval_claim,failures,asymptotic_local_power,p_gap_rejection,p_gap_mc_se,p_gap_lo,p_gap_hi,p_score_rejection,p_score_mc_se,p_score_lo,p_score_hi,p_wald_rejection,p_wald_mc_se,p_wald_lo,p_wald_hi,naive_p_rejection,naive_p_mc_se,naive_p_lo,naive_p_hi
fixed_b0.3_n200,fixed,0.3,0.3,200,600,0.008448000378273424,2.220446049250313e-16,0.005046350369912725,0.012756418599086085,0.9266666666666666,0.010642333355954384,0.902983781316827,0.944920900484815,fixed alternative only,0,,0.23,0.017180415206468867,0.1981080237072888,0.26532729484010964,0.2683333333333333,0.018089156768423247,0.23443526904979525,0.3051789857532195,0.23333333333333334,0.017266966964355614,0.20125234504726427,0.2688072288267095,0.33166666666666667,0.019220817225467153,0.29517019770455494,0.3703049083033911
fixed_b0.6_n200,fixed,0.6,0.6,200,600,0.02942372650516689,6.661338147750939e-16,0.0026506618320297427,0.01867759741850637,0.91,0.011683321445547921,0.8844172269988464,0.9303661781699191,fixed alternative only,0,,0.57,0.020211382931407736,0.5300647932673496,0.6090445685907323,0.6983333333333334,0.018737835560210293,0.6604413808873549,0.7337018110438772,0.62,0.0198158185969358,0.5805145150370474,0.6579586767196643,0.8083333333333333,0.016069150338228606,0.7749159755220609,0.837827642186157
fixed_b0.3_n800,fixed,0.3,0.3,800,600,0.008448000378273424,2.220446049250313e-16,0.001142228590909118,0.005025475901618664,0.9383333333333334,0.009820377529138826,0.9161569372167724,0.9549326382278833,fixed alternative only,0,,0.8766666666666667,0.013423997307199658,0.8479344577657781,0.9006063941372342,0.8866666666666667,0.012941463652983052,0.8588034397487048,0.9096101781340336,0.8766666666666667,0.013423997307199658,0.8479344577657781,0.9006063941372342,0.9066666666666666,0.011875901525233237,0.8807336048064752,0.9274255450357148
fixed_b0.6_n800,fixed,0.6,0.6,800,600,0.02942372650516689,6.661338147750939e-16,0.0009296798059605042,0.009536476491384532,0.935,0.010064376119097825,0.9123759093314793,0.9520894107866013,fixed alternative only,0,,1.0,0.0,0.9936382989862994,1.0000000000000002,1.0,0.0,0.9936382989862994,1.0000000000000002,1.0,0.0,0.9936382989862994,1.0000000000000002,1.0,0.0,0.9936382989862994,1.0000000000000002
local_b0_n200,local,0,0.0,200,600,0.0,2.220446049250313e-16,0.0054174051272164285,0.007524411492222545,0.9983333333333333,0.0016652771985913373,0.9906204395238613,0.9997057317991506,"near-null interval reported diagnostically, not justified by fixed-alternative theorem",0,0.05000000000000003,0.05,0.008897565210026092,0.03524526778459468,0.07048026312773596,0.04833333333333333,0.008755685983236096,0.03386090038689244,0.06855250286215053,0.06666666666666667,0.01018350154434631,0.04933761840939038,0.0895091891358169,0.05333333333333334,0.009173229973577907,0.038029103590111496,0.07432068264879449
local_b1_n200,local,1,0.07071067811865475,200,600,0.0005162366077655633,2.220446049250313e-16,0.004713442014177367,0.0070515317295979,0.9983333333333333,0.0016652771985913373,0.9906204395238613,0.9997057317991506,"near-null interval reported diagnostically, not justified by fixed-alternative theorem",0,0.0662923610103856,0.05333333333333334,0.009173229973577907,0.038029103590111496,0.07432068264879449,0.055,0.009307255234493142,0.03942813848636002,0.07623377541583362,0.055,0.009307255234493142,0.03942813848636002,0.07623377541583362,0.07,0.01041633332799983,0.05220190369433854,0.09326915917744409
local_b2_n200,local,2,0.1414213562373095,200,600,0.0020075938745565125,6.661338147750939e-16,0.004896153000336704,0.008321145289368583,0.985,0.004962358310319804,0.9717403929844038,0.9920887570323066,"near-null interval reported diagnostically, not justified by fixed-alternative theorem",0,0.11933752809695936,0.06,0.009695359714832657,0.043651428759454075,0.08194686813260255,0.07833333333333334,0.010969444092737958,0.059417400634637595,0.10261430055358334,0.06833333333333333,0.010300800040845442,0.05076809443760846,0.09139084077088647,0.11333333333333333,0.012941463652983053,0.09038982186596657,0.1411965602512953
local_b3_n200,local,3,0.21213203435596426,200,600,0.0043867281100336,0.0,0.004720924227622065,0.009615081603432631,0.9633333333333334,0.007672702937711736,0.9451083863696614,0.9756631040243093,"near-null interval reported diagnostically, not justified by fixed-alternative theorem",0,0.21689695568774653,0.12166666666666667,0.013345654029738726,0.09788899177278657,0.15025802866091367,0.155,0.014774696838401345,0.1282458511251585,0.18614372257429498,0.12666666666666668,0.013578305136149002,0.10240739498691152,0.15567600843665172,0.19666666666666666,0.016226977993909243,0.16683474102174364,0.23035802425990146
local_b4_n200,local,4,0.282842712474619,200,600,0.0075658373210518715,1.3322676295501878e-15,0.004920439210564582,0.011126593158275402,0.9316666666666666,0.010300800040845446,0.9086091592291136,0.9492319055623916,"near-null interval reported diagnostically, not justified by fixed-alternative theorem",0,0.35902107876922557,0.20333333333333334,0.016431113214918868,0.17306341797818775,0.23737785795660804,0.26,0.017907168024751056,0.22650792164694153,0.2965456948396349,0.22,0.016911534525287764,0.1886928970677066,0.2548696554999658,0.33166666666666667,0.019220817225467153,0.29517019770455494,0.3703049083033911
local_b0_n800,local,0,0.0,800,600,0.0,2.220446049250313e-16,0.0012056721161491175,0.0017272748620375377,1.0,0.0,0.9936382989862994,1.0000000000000002,"near-null interval reported diagnostically, not justified by fixed-alternative theorem",0,0.05000000000000003,0.043333333333333335,0.008312195413522988,0.02974099813478266,0.06273602212439733,0.045,0.008463155439905378,0.03110848866772835,0.0646806592547393,0.04666666666666667,0.008610931897776695,0.03248188567095377,0.06661938991480156,0.04666666666666667,0.008610931897776695,0.03248188567095377,0.06661938991480156
local_b1_n800,local,1,0.035355339059327376,800,600,0.00013083107026967689,4.440892098500626e-16,0.001232249213718065,0.0017593897195251143,1.0,0.0,0.9936382989862994,1.0000000000000002,"near-null interval reported diagnostically, not justified by fixed-alternative theorem",0,0.0662923610103856,0.051666666666666666,0.009036704987828088,0.036634743907307504,0.0724029146683108,0.05333333333333334,0.009173229973577907,0.038029103590111496,0.07432068264879449,0.051666666666666666,0.009036704987828088,0.036634743907307504,0.0724029146683108,0.058333333333333334,0.00956822480536102,0.04223947455645403,0.08004669467231493
local_b2_n800,local,2,0.07071067811865475,800,600,0.0005162366077655633,2.220446049250313e-16,0.0013026830095728263,0.002207701057191032,0.9816666666666667,0.005476802933315233,0.9674722008560732,0.9897326938340618,"near-null interval reported diagnostically, not justified by fixed-alternative theorem",0,0.11933752809695936,0.10166666666666667,0.012337649394945239,0.07996359842758784,0.1284378900466604,0.115,0.013024016277631107,0.0918863722244461,0.14301213755610348,0.10166666666666667,0.012337649394945239,0.07996359842758784,0.1284378900466604,0.125,0.013501543121683042,0.10089974887356176,0.15387152688671377
local_b3_n800,local,3,0.10606601717798213,800,600,0.0011454548711420376,2.220446049250313e-16,0.0011411499063553284,0.0023481326852267193,0.97,0.006964194138592062,0.9530792576730233,0.9809407433740981,"near-null interval reported diagnostically, not justified by fixed-alternative theorem",0,0.21689695568774653,0.16,0.014966629547095765,0.13284248906564322,0.1914834676236733,0.17166666666666666,0.015394653954226135,0.14360614449770198,0.20390470583462816,0.16166666666666665,0.015029446405615187,0.1343769363922438,0.1932611479603603,0.19,0.016015617378046968,0.1606200129971531,0.22332424163134137
local_b4_n800,local,4,0.1414213562373095,800,600,0.0020075938745565125,6.661338147750939e-16,0.0011107232557153398,0.0028459744880184007,0.9416666666666667,0.009568224805361021,0.919953305327685,0.9577605254435461,"near-null interval reported diagnostically, not justified by fixed-alternative theorem",0,0.35902107876922557,0.28,0.01833030277982336,0.24555996300347405,0.31723918544255436,0.2966666666666667,0.01864830446070793,0.2615036970694153,0.3344167280094898,0.27666666666666667,0.018262996387149538,0.24237839505342534,0.3137964980660278,0.31,0.018881207588499205,0.27430033852750413,0.3481171078577022
