beta,query_order,query_id,query_label,status,I1,I2,test_gain,raw_second_norm,residual_second_norm,model_score,sandwich_wald,fit_ess,test_ess,mean_length,max_moment_error,grid_gap_change,grid_test_gain_change,min_schur_eigenvalue,min_omega_eigenvalue,full_condition,iterations,elapsed_seconds
6,0,485,1,ok,0.3015873159085851,0.13314276826316762,0.24533457171661793,0.2510909634560161,0.1633603915943995,166.22378260994586,71.28481592326116,72.53637675095999,36.32442273151307,0.43458529127959966,5.511535672297896e-12,3.552713678800501e-15,3.58046925441613e-15,0.09338940769778516,0.00014139041239625864,6.6082288792144315,9,0.004266957985237241
6,1,1579,0,ok,1.538646025113696,0.3248904999821116,0.18140400208454144,0.5818354586025247,0.10732162743601863,1405.6407728128042,163.30693843427213,67.3575182853366,68.71388789566701,0.8420529890513035,1.147404393719853e-11,5.329070518200751e-15,5.3013149425851225e-15,0.003678933437559463,2.3607149657357846e-05,55.90555636956947,14,0.004304167116060853
6,2,837,7,ok,1.2167066787739431,0.19043427694119153,0.14454304188580194,0.4888291850375215,0.10834357277230515,484.4209996577289,160.13939272637535,46.63761348134658,45.88444261701188,0.7820425797760245,6.423750420481156e-13,8.881784197001252e-16,9.159339953157541e-16,0.011927058453726321,4.529489325031041e-05,25.75477881847091,12,0.004404542036354542
6,3,1200,7,ok,0.9943421499905023,0.16660950657864104,0.15110731636924532,0.43584627108925905,0.11992301913448292,318.29041330141746,197.1891429794209,29.207869101517648,43.98620189186675,0.7276141517045241,2.541411525669446e-12,8.881784197001252e-16,8.604228440844963e-16,0.02361916427469587,6.322710105154643e-05,14.03147067411658,12,0.0039749168790876865
6,4,1099,0,ok,1.6598686642207028,0.3329739644421865,0.2282111425180702,0.6092583966115533,0.09698700788589701,2018.246427776189,120.43045198279569,59.35460552127135,58.0069054884862,0.8600850952171998,6.417089082333405e-14,4.440892098500626e-15,4.440892098500626e-15,0.00228815064250056,2.5631780097952475e-05,50.261982673938995,15,0.00434116693213582
6,5,675,9,ok,0.9981461026786413,0.300623692046865,0.11651010218477145,0.48419437390307374,0.16962744989303244,669.8857204329308,241.4715025664436,27.724230472575602,24.66463550723866,0.7286533532724467,1.7763568394002505e-15,0.0,0.0,0.02337007925750233,6.972396818349432e-05,14.698336606401105,12,0.004318250110372901
6,6,619,3,ok,0.8382764322460572,0.1077230246028531,0.048622428090746135,0.3731095971943542,0.1055652787918509,171.11231071174603,111.80802256882095,80.83811676813306,67.73035495579073,0.6811919985969922,9.81464909344254e-11,0.0,0.0,0.03531363558469144,9.498332331318998e-05,11.235573215452908,10,0.003674041945487261
6,7,163,5,ok,0.9957419288169427,0.16283528300849337,0.26373957882034793,0.44458796855729066,0.11771030540737595,343.4209911472952,83.00817581742095,41.54266449956901,26.860825267855112,0.7279970338886781,8.229394943271018e-11,0.0,0.0,0.023527304028789553,0.00010025840488406172,10.369565085965698,12,0.0037699590902775526
6,8,1229,0,ok,0.6987775048575275,0.3142227810351934,0.17322821479095676,0.41110597286948897,0.2007654479105784,464.2185271859782,297.0227340122798,81.97121620082675,52.55718900562491,0.6324778989672539,1.0805800698676649e-12,7.105427357601002e-15,7.077671781985373e-15,0.0480599600049574,7.357124491850304e-05,19.449890310827506,11,0.004085958003997803
6,9,492,6,ok,0.32377418397484936,0.08050363772561964,0.0857236442381005,0.16154648231988797,0.12788534703195914,91.67335420964147,48.996863782239146,152.94801433764275,117.25130725412446,0.4492107165071874,6.368275351498198e-11,8.881784197001252e-16,8.881784197001252e-16,0.09059305489045598,0.00019767209892266653,9.47140821069427,8,0.0033097080886363983
6,10,1135,7,ok,0.9871516397713314,0.22665524831377049,0.2131139447024013,0.44204438206330665,0.14250320035934302,407.2927724899116,448.4628748412565,69.3984672297823,38.16451966473854,0.72563853830296,1.887379141862766e-15,1.3322676295501878e-15,1.3322676295501878e-15,0.024094745148644646,3.207912507381405e-05,23.709809668041572,13,0.0038975412026047707
6,11,78,0,ok,1.1987899610343646,0.3067685835969356,0.2743774364971627,0.5155725933171578,0.138669200912397,770.6668930007153,266.33831186862307,72.35372243869885,54.048399544979745,0.7780982024231465,3.6293190674996367e-13,4.440892098500626e-15,4.385380947269368e-15,0.012660319177539625,4.341346192763677e-05,36.26479284252984,13,0.004425999941304326
6,12,513,8,ok,0.24413565355970757,0.019581264578583113,0.04123669110475022,0.1340911455541994,0.06428167781880653,23.731772932731598,9.013152570531426,137.2886989335316,112.91692471922686,0.39341382920933454,2.727262859991697e-13,1.7763568394002505e-15,1.7694179454963432e-15,0.10073714010508147,0.00033723593997002566,4.327032161972954,8,0.00328362500295043
6,13,1698,9,ok,1.0801716740667064,0.14597268970181254,0.17811548751068323,0.4460040426668286,0.10208281371116591,290.313171431398,107.17186644695965,78.45162293767896,59.18944588146995,0.750097982879784,9.048317650695026e-15,4.884981308350689e-15,4.9404924595819466e-15,0.018421035979319544,7.253864699027016e-05,18.78843520131406,13,0.0039517919067293406
6,14,157,7,ok,0.8187663683426951,0.1371861892747912,0.13943875814520384,0.3832361730683883,0.12396800017635466,226.5263826441859,87.0350874713432,42.502195307530855,55.61054421820613,0.6748248445519953,5.462819085977344e-11,1.7763568394002505e-15,1.7763568394002505e-15,0.03697225616285735,9.335035185109297e-05,10.285774671278544,10,0.003853750182315707
6,15,592,8,ok,0.22512380462554338,0.06621124319189764,0.0962270066405338,0.17778191982978922,0.12123750164991082,81.74753809075409,24.76488621802503,47.39856219580182,41.010237234105375,0.378545922521708,3.199202014414482e-11,2.6645352591003757e-15,2.6645352591003757e-15,0.10320028539263111,0.00020033600610258669,5.185501935059036,8,0.00328783318400383
6,16,197,6,ok,1.5819081446237657,0.30019007448360835,0.2015098561999074,0.5987285439113368,0.10001072443965751,1816.7987763481242,136.92318850511177,54.154480604828294,39.647347499363526,0.8487406179667439,3.5416114485542494e-14,8.881784197001252e-16,8.881784197001252e-16,0.0031088003498579153,1.9558005055283596e-05,26.072713543739944,14,0.004422666970640421
6,17,1078,0,ok,0.5034278870095239,0.14336417455603367,0.1459452836021982,0.23720983891979416,0.140655420092005,145.90432377893998,205.8694962243834,144.92545521758657,84.37527678364746,0.5491212810895795,6.39306940719564e-11,2.6645352591003757e-15,2.6922908347160046e-15,0.06896093626030782,9.023848812102953e-05,21.588074191022866,10,0.003831084119156003
6,18,907,2,ok,1.3212636228952332,0.1415680582890242,0.17596301898437988,0.5036496580957749,0.08051841897661083,411.713109502729,232.5062254590288,70.96276311835688,48.26785935251345,0.8036936352762342,1.5754286764035896e-11,4.440892098500626e-16,3.885780586188048e-16,0.008301273175020643,2.2045885940281853e-05,20.05957855798541,12,0.004267500014975667
6,19,468,6,ok,1.496850359062167,0.2806815157423417,0.14963762061512093,0.578731507258972,0.10399222823464414,1383.764100162478,153.81607042607786,54.13382098298495,48.53686589788491,0.8353112346334527,1.7505108473869768e-11,4.440892098500626e-16,4.440892098500626e-16,0.004322197975088832,2.8206959994512494e-05,24.324074702446886,13,0.003968958975747228
6,20,1766,1,ok,0.9975224604674451,0.16549671262494225,0.09167824404645641,0.4401997639069355,0.11853591531344314,327.985052535336,145.06191606609093,56.98409552202833,57.78994643334288,0.7284832612439966,1.688027495561073e-11,1.021405182655144e-14,1.021405182655144e-14,0.023410796700055556,8.976730000694196e-05,12.704083976180378,12,0.00423879106529057
6,21,482,8,ok,0.2927910037649951,0.06995310828674117,0.025808418890486084,0.20981684821732766,0.11933274935483859,88.09760155034162,41.52473094165466,163.81134932677028,205.77843169683283,0.4286056638091497,3.8389846857000975e-12,8.881784197001252e-16,8.881784197001252e-16,0.09450463634994893,0.000269950617204838,4.801899125663396,9,0.003539332887157798
6,22,251,9,ok,0.8438794815466357,0.12724910438268733,0.11262016645229375,0.3840458138489757,0.11447472634248541,203.10890020233222,122.69338766411951,105.4942412642625,83.87356642209987,0.6829957381362184,1.3805889764739732e-10,4.440892098500626e-15,4.454769886308441e-15,0.034845110574973956,9.213228284392592e-05,11.478268620233855,10,0.0034487079828977585
6,23,366,4,ok,1.1923918108796197,0.19659579362356583,0.22702764111332194,0.4858480347328661,0.1101694122990325,446.9512324240059,243.9926306203457,46.381544966040416,58.79961825301544,0.7766722633756187,2.8377300509419e-13,4.440892098500626e-16,4.440892098500626e-16,0.01293056793483125,3.537048561965351e-05,23.29580417360569,12,0.004122874932363629
6,24,524,8,ok,0.5537570270170453,0.07450770602239443,0.02386201932164063,0.27879608192221544,0.10848994583229606,105.52408463128445,29.59683327573246,61.912036459619536,114.5676450150523,0.5726281740360402,5.093597765792879e-11,0.0,0.0,0.06327977035262762,0.00014144590128597868,6.814913913135415,10,0.0036954579409211874
6,25,1730,3,ok,0.7326024284798147,0.032765982562399376,0.03245967958295904,0.2675020862098094,0.06858907770599659,38.265670006342035,33.6123460550034,101.83401109945999,104.11880477877516,0.645003048437873,5.006106640337293e-12,0.0,0.0,0.04478561110609802,0.00010768274419623808,14.410334366453144,9,0.003226333064958453
6,26,44,7,ok,1.19979849904428,0.19669134594851512,0.21577911715803608,0.4965879462583008,0.10915798026458427,517.8590383700412,159.97977169319455,48.694758697853416,47.69293304420911,0.7783221329539839,3.991251773527438e-13,8.881784197001252e-16,8.604228440844963e-16,0.012618125780017454,6.364912036392606e-05,17.788841483655283,12,0.0036035829689353704
6,27,1226,9,ok,1.147771507889773,0.15460132626871825,0.18843050583225096,0.4722395567430001,0.09944293914262134,367.7855343358922,144.14926976616212,69.19396627050894,62.7904447375507,0.7664670552217309,1.2751799616239623e-11,4.884981308350689e-15,4.85722573273506e-15,0.014941170664467318,6.42832340080878e-05,14.70934006936005,11,0.0037397078704088926
6,28,904,9,ok,0.9423069533362844,0.11305422221468264,0.18340240653200865,0.3974055673103625,0.09971361998799193,184.88704453455256,65.34496539997066,72.36386859065227,80.87535185633045,0.7129777062516545,3.79514197845765e-11,5.773159728050814e-15,5.745404152435185e-15,0.027200324452521046,0.00011091515469334492,14.959138738322284,11,0.00418383302167058
6,29,1696,9,ok,1.3343317560653727,0.17187341116572696,0.17103594679697418,0.518777864884087,0.08839176282832509,550.0732238740757,128.95448756989612,77.15877697915627,52.71025401884383,0.8062432210246785,1.805186000680692e-10,1.7763568394002505e-15,1.7763568394002505e-15,0.00792121100296021,5.374560289692179e-05,19.017855109010902,12,0.0036755409091711044
6,30,1021,5,ok,1.009533094024285,0.059459040273155406,0.056107352073323395,0.38578927725509926,0.06832375257131434,89.64726809108507,73.95618098359074,103.41834176577821,90.5706424723791,0.7317398004350757,8.548717289613705e-15,4.440892098500626e-16,4.510281037539698e-16,0.022634834405141163,5.613253767591356e-05,16.294954387914995,11,0.0037827917840331793
6,31,1251,7,ok,1.0155346326914256,0.11614718042841021,0.14917081614964536,0.41633618780354514,0.09816293213975193,217.40176638200617,97.10855927076965,60.487533836239784,47.607264303098994,0.733351947546171,2.7755575615628914e-15,1.3322676295501878e-15,1.304512053934559e-15,0.022253587055022374,8.854311849307815e-05,15.059391021541588,12,0.003815499832853675
6,32,1227,1,ok,1.632649305659319,0.22235121549420356,0.19622619224046164,0.5832186523134821,0.07701905963221553,1143.0504097300177,157.43819916359035,45.04750315899879,33.380898118947535,0.8562243550685235,9.547918011776346e-15,1.509903313490213e-14,1.50712775592865e-14,0.0025475229913163346,1.882654195154908e-05,50.39854262370187,15,0.004234458087012172
6,33,752,6,ok,1.1486139939062734,0.20415459546670345,0.16599700753811195,0.48668962567519114,0.11743549463981162,507.61092603808595,289.9197256409874,52.60173455396476,35.80499620317624,0.7666640454853167,7.027711745877241e-14,0.0,0.0,0.014901135601936961,3.9101276272902556e-05,18.318416213744158,12,0.004104374907910824
6,34,738,9,ok,1.0008433601531972,0.25226767996851374,0.1532830824174824,0.4662833738193467,0.150865968494058,516.5425210777041,249.91274709495195,34.643232634483546,33.650420285699425,0.7293877381402502,1.7763568394002505e-15,1.3322676295501878e-15,1.3322676295501878e-15,0.023194513553288144,5.820337872533183e-05,15.715778385716604,12,0.0038790409453213215
6,35,709,3,ok,1.1045156488823498,0.11933995875622738,0.10755669158315798,0.42551269691873383,0.09279585026048548,199.5887654607419,90.00793182504887,79.52343655044079,49.13059539189556,0.7561230379158246,1.078026556911027e-13,0.0,0.0,0.017106421944636928,4.484837155547366e-05,31.528634508939557,12,0.003676417050883174
6,36,988,4,ok,0.08084170727893977,0.16484860312288666,0.43664071266815613,0.22950220608830202,0.20466086870664663,204.5650924744499,79.46250811636855,18.559508299517336,13.797885480109386,0.23026453839664165,1.867304089131494e-10,8.881784197001252e-16,8.881784197001252e-16,0.12233145083981047,9.264728721405127e-05,6.283760051906495,7,0.0031846249476075172
6,37,1569,6,ok,0.7451858054217997,0.03771597841300589,0.013632846352235706,0.277422832076008,0.07216039359175805,44.728600682531294,37.52769710868899,64.74376698657979,48.821546790067494,0.6495400215500188,5.432099214885966e-12,8.881784197001252e-16,9.124645483638005e-16,0.043596463906263226,8.896884869493552e-05,13.783268580686348,10,0.003465041983872652
6,38,1439,4,ok,1.464748191173408,0.3192536055987887,0.3099809068286956,0.5820400831979403,0.11504675407118496,1521.0977869253065,150.55037668384938,29.276560561866084,43.63043157528643,0.8299381694405458,4.951927756735586e-12,8.881784197001252e-16,8.326672684688674e-16,0.004885625955518513,2.4611083071598468e-05,24.804484307165623,13,0.003951957914978266
6,39,116,2,ok,0.21369049223020048,0.059266125895192145,-0.0007464478689987331,0.14160626058490988,0.11703909525721222,71.43414618740684,15.158960120466123,72.65866861957629,108.44773445763587,0.3692529904838789,3.0753177782116836e-14,1.7763568394002505e-15,1.753805434212552e-15,0.10468868015150692,0.00025733051390847817,6.028523843436621,8,0.0035985829308629036
3,0,485,1,ok,0.04819665117303236,0.051498379305592853,0.06287528260424288,0.12577390877157169,0.11738730760899083,64.77756922746222,35.80298856731609,341.78164877195746,225.94412771316212,0.1783846843811374,3.778088952799408e-12,1.7763568394002505e-15,1.7763568394002505e-15,0.12675293164461335,0.00016387024519882643,4.2500397166463895,7,0.003219875041395426
3,1,1579,0,ok,0.40269106609049155,0.14719047248907768,0.12041384820871406,0.28548127769316767,0.16287992560605433,188.56636058338864,267.93092629109105,225.52161286877902,219.37565071567582,0.49667385737041786,2.0645374299022023e-11,4.440892098500626e-15,4.440892098500626e-15,0.08085420700236776,6.0762478678834294e-05,6.8808665559282804,10,0.0033178331796079874
3,2,837,7,ok,0.32851705590132674,0.07966726403753766,0.03292411003132205,0.2032181484741839,0.12854099523383336,101.18841202934523,93.58308902960168,244.4989891563009,227.80523868612585,0.4522567043272406,2.1417367879195126e-11,0.0,0.0,0.08999843751767868,0.00010483193250036778,6.797663978957545,9,0.003792458912357688
3,3,1200,7,ok,0.21871069550001287,0.0665492713131779,0.043945716539369906,0.16575674672544696,0.12073533100625528,78.60584803882573,107.93112896566198,270.7763268355683,243.2396087289887,0.3733676834794068,1.9849677457273174e-12,8.881784197001252e-16,8.81239525796218e-16,0.10403450150529019,0.00011473407276636165,5.610335716209752,8,0.0034204579424113035
3,4,1099,0,ok,0.41998798218770583,0.1747623330613851,0.13904796268626085,0.30373797156891574,0.1769444452791528,226.45129831591748,320.3061286668476,217.12662115584476,223.16526162122966,0.5062597888910682,8.298917109073045e-15,6.217248937900877e-15,6.217248937900877e-15,0.07876649585305515,5.970847321092168e-05,7.041180639623239,11,0.0035692090168595314
3,5,675,9,ok,0.14056774789819804,0.06107910422593521,0.010099285201120769,0.14750874081905285,0.12377312359250105,78.36943906646849,45.77380806415857,248.16440627115085,244.54026771508484,0.30177860426128533,1.5782930518071225e-12,0.0,0.0,0.11432510915102401,0.00014027259281759654,5.003894943760368,8,0.0034341670107096434
3,6,619,3,ok,0.27555793831671493,0.053428263729646486,0.020939964555499672,0.18798315330885368,0.10568149231066147,67.43486901817579,59.812563788692444,331.93632602278296,322.34530875019567,0.4165693051699843,1.3800671716523993e-10,8.881784197001252e-16,8.951173136040325e-16,0.09669997038844069,0.00013171168840613384,4.768559573958775,8,0.0032787909731268883
3,7,163,5,ok,0.2268662724564463,0.06709902127834733,0.09917067141815852,0.1909940061170129,0.12090838715229142,83.58762084512057,69.4165998488646,254.68003022806695,214.22537161305362,0.3799381555435621,1.4968604133969166e-10,1.7763568394002505e-15,1.7486012637846216e-15,0.10297391329451604,0.00011036558035156221,4.513866787734631,8,0.0031869590748101473
3,8,1229,0,ok,0.13829901521824706,0.10648189937992192,0.08452780888132977,0.18254111649191831,0.1555721191049173,124.30073099546183,117.99030046193786,308.6068910751608,260.0124373957937,0.29940361091950773,9.632811215354309e-11,3.552713678800501e-15,3.524958103184872e-15,0.11462713568759468,0.00012520089941745098,6.170680028707331,8,0.0030085830949246883
3,9,492,6,ok,0.09843910453787463,0.05058521436354141,0.04091671238202023,0.11610119915638167,0.11120506888560668,59.10755951696601,57.7527046503727,361.1232449578039,350.2674341859995,0.2536368271986376,4.801714581503802e-15,0.0,0.0,0.11996091508543144,0.00014349782878199548,4.748316001853258,8,0.0036208340898156166
3,10,1135,7,ok,0.2495336410861122,0.06232164301856025,0.03283198259770574,0.16987861195414808,0.11683993226085956,77.724172292971,88.36329520246728,314.4325031436696,270.8839024579101,0.3975115200598712,4.8535453434084275e-11,1.7763568394002505e-15,1.7763568394002505e-15,0.10004054778482581,0.00010253492968481064,5.956762017422179,8,0.003325625089928508
3,11,78,0,ok,0.30205089683544806,0.1280204806544636,0.11534956405752927,0.24087920244746264,0.1586925702249268,154.29151542079308,198.57919110350036,275.84510227176094,245.289259353686,0.43489747937137485,6.47115694363265e-12,3.552713678800501e-15,3.58046925441613e-15,0.09333073519518031,7.870949790052662e-05,6.9299282395110255,9,0.0034154588356614113
3,12,513,8,ok,0.09119148259799906,0.024438494289510976,0.0317825590716674,0.09948202160348403,0.0775710765623255,29.393871872363782,18.9739836755602,396.9112277232129,378.7700260762718,0.24430233494010492,5.204170427930421e-15,2.6645352591003757e-15,2.6645352591003757e-15,0.1209361096471431,0.00020972187924547808,3.708499982172982,8,0.0034791249781847
3,13,1698,9,ok,0.353622526315825,0.10457357623891694,0.10891167796071186,0.2454441817190067,0.1420452269107981,134.73465984461228,116.97317725454803,283.3118807590234,238.41823311545627,0.46794148046067524,6.210987280041991e-11,4.440892098500626e-15,4.427014310692812e-15,0.08687013770526678,0.00010258594320920919,6.415754478386999,9,0.0034980420023202896
3,14,157,7,ok,0.1724237953482135,0.07102120119335609,0.047398180548501465,0.1744803502476707,0.12531049633343636,83.21357162605631,94.38777014220203,279.88956585755403,282.0669577632668,0.3331253022082054,1.9613199953028015e-12,0.0,0.0,0.1101030003069972,0.0001168672787734544,4.581503706598599,8,0.0032196668907999992
3,15,592,8,ok,0.03468092592129125,0.024310266701440084,0.007933261969973123,0.07447092937848467,0.07969241553006405,29.441814546889592,22.34116931856287,359.68785657919966,324.04842116009104,0.15152604675621772,2.882971639195375e-13,1.7763568394002505e-15,1.7694179454963432e-15,0.12859216416456787,0.0001828843223082986,3.8100742408464363,7,0.0028104998636990786
3,16,197,6,ok,0.33858205481388237,0.11068822902909037,0.05703619509363142,0.2509792733082753,0.1495793561532224,147.92839111040084,132.41522150594932,208.27087216736896,198.8987209075085,0.4586316641127505,3.7057856783206944e-11,8.881784197001252e-16,9.020562075079397e-16,0.08874035923199203,8.207281322339663e-05,6.079598370310202,9,0.003503040876239538
3,17,1078,0,ok,0.15432906801016033,0.05998395313375693,0.04881961178228858,0.1353556454626719,0.11350675707439996,65.69991712796059,95.53211833887056,378.1572590647182,333.77705597804027,0.3157550106101646,6.386280393400057e-12,1.7763568394002505e-15,1.7763568394002505e-15,0.11249687747927972,0.0001245557064994864,5.3176561192360134,8,0.003369749989360571
3,18,907,2,ok,0.42743483650636727,0.0438989550368476,0.046045634846249024,0.21358896806773453,0.08756307197560143,53.64480250619926,63.03939221291545,283.5375138171527,229.79635099155243,0.510306850799932,3.3237301799715624e-15,0.0,0.0,0.07787321617682927,9.99566872036487e-05,6.165504800296767,10,0.0033188338857144117
3,19,468,6,ok,0.31796057895367547,0.09592698577898373,0.02845431730549122,0.2364380680708254,0.14060316747530194,127.53059268810279,105.24408333013486,217.24891495422537,228.4642255621224,0.4454393332368279,1.4292178551755796e-11,0.0,0.0,0.0913234448603973,9.226648166610202e-05,5.668845307203215,9,0.003582499921321869
3,20,1766,1,ok,0.24662943411658234,0.052993524191008445,0.029308787567264002,0.1778311763595109,0.10519907715750898,63.61558152738152,47.64980559400501,271.14610366794557,271.7020420034133,0.3953134102389328,1.3040013513432314e-11,2.6645352591003757e-15,2.661065812148422e-15,0.10041517184490203,0.0001545922165040735,4.478911380169391,8,0.0031832498498260975
3,21,482,8,ok,0.09794698268680319,0.04648257984045595,0.016200133231452144,0.13160727140712064,0.10537123026251288,54.62369775974609,57.030599356191516,415.22718730567124,422.1205177251461,0.25301478333724514,5.440092820663267e-15,0.0,0.0,0.12002708123915473,0.0001706805654889974,4.071969244614079,8,0.0031781671568751335
3,22,251,9,ok,0.26396650219487505,0.08089696146157566,0.06028920926952264,0.2048398378624799,0.12914179141709464,98.37032503354459,109.5653344341241,353.8030178223181,303.5326485804087,0.40821841705694994,9.407474799161264e-13,3.552713678800501e-15,3.58046925441613e-15,0.09818420400328454,0.0001225229419350449,5.323912049291821,9,0.003427790943533182
3,23,366,4,ok,0.24912254543814327,0.08478775783116499,0.10417224223337032,0.19911059718720217,0.13063190449367143,96.57061230443279,125.12106955829648,227.38625306457985,214.39129211192562,0.3972012870457708,2.2734203408703024e-11,8.881784197001252e-16,9.43689570931383e-16,0.1000935545886817,9.993529533647286e-05,5.035149699667124,8,0.0028405000921338797
3,24,524,8,ok,0.11936961719973482,0.03507655468525728,0.021202133879093824,0.12241967481820874,0.09163684038584642,42.05959739675092,31.541644332351183,338.64577995635693,352.4613174583707,0.27870343573786144,5.3013149425851225e-15,8.881784197001252e-16,8.847089727481716e-16,0.11715377517144308,0.00015704326841364132,3.930001628548774,8,0.0027292079757899046
3,25,1730,3,ok,0.2707282060579529,0.027267259969334656,0.013201111548209825,0.12368055128617636,0.07674757395954522,31.636521849698887,41.4822425073574,359.4472021209144,350.5658909743753,0.41311565128313044,1.1959877532774499e-12,8.881784197001252e-16,8.864436962241484e-16,0.0973176663255254,0.00012902808644430202,5.83099376085981,8,0.002716874936595559
3,26,44,7,ok,0.28782762805152484,0.07796809672151461,0.06292009716592628,0.20557806669771594,0.12721894090797475,98.40953332555107,112.4090227094006,257.42662563076345,225.0686790187167,0.4251836419307857,3.4148794902932877e-12,8.881784197001252e-16,8.881784197001252e-16,0.0951355178767295,0.00010319309484034676,5.8072590745015535,9,0.0033114999532699585
3,27,1226,9,ok,0.34556439503281644,0.10178425760173937,0.09813726041792292,0.2502870478887822,0.14188609091705093,134.4773897598119,114.46180779943235,282.25475453110045,248.48688518123726,0.4629851440732406,4.315769963625371e-11,3.552713678800501e-15,3.552713678800501e-15,0.0878706613215873,0.00011124512417252453,5.356082889467124,9,0.0035000420175492764
3,28,904,9,ok,0.2961618231725701,0.08345248177793829,0.09169017036512919,0.2122344801749918,0.13037435592602126,103.97212788335321,98.33610557306308,305.2380105658056,291.7253966267245,0.4309097849280308,4.774569628551717e-12,3.552713678800501e-15,3.552713678800501e-15,0.09407683881148592,0.00012769123761668748,5.86055873996129,9,0.0033059159759432077
3,29,1696,9,ok,0.42677109566406646,0.11255203584529472,0.09632935437362355,0.280546956269379,0.1437126198014516,156.05054211774802,122.70731917050557,261.70962834537346,236.24689683326554,0.509948038425635,3.2965463692136154e-11,3.552713678800501e-15,3.552713678800501e-15,0.07795269695991698,9.90239509183278e-05,5.522911641169752,10,0.00326120899990201
3,30,1021,5,ok,0.39320951424617157,0.04863693175152395,0.04412255833213309,0.21348632617800709,0.093493306819178,59.856539354786555,70.71419619001344,326.8946061693377,295.0838428266993,0.49130474277917685,4.28129753871076e-15,1.7763568394002505e-15,1.7763568394002505e-15,0.08200608882021965,0.0001093609241733239,5.462445866681483,10,0.003931625047698617
3,31,1251,7,ok,0.28827555081128253,0.053306869984255156,0.02689325310584128,0.17540151215614355,0.10578919999610599,65.32105521710028,69.7551551173934,290.16955131727383,240.52609507214146,0.4254939156636549,1.4553025451391477e-11,8.881784197001252e-16,8.847089727481716e-16,0.09507853646164277,0.00010605537256672603,5.680370835254634,8,0.0032674160320311785
3,32,1227,1,ok,0.44821911057502395,0.07855610960290149,0.027263935533393322,0.24923992955704366,0.11647900445603301,102.02824313121874,72.51722010288759,203.41224749407993,194.39402366565116,0.5213596238274593,1.422750806057138e-13,6.217248937900877e-15,6.224187831804784e-15,0.075398234384551,0.00010479281052398474,6.786214948015316,10,0.003367125056684017
3,33,752,6,ok,0.22388817871762018,0.04967385593639645,0.02220187094906402,0.1585778630788705,0.10452028955803838,61.94323968497821,46.508682424671136,256.9845428315006,226.21202395288094,0.3775548879922911,1.4409917703517294e-11,0.0,0.0,0.10336088610517115,0.00011811173887843638,5.222828763270092,8,0.003028749953955412
3,34,738,9,ok,0.15534404049466938,0.07230425066349183,0.038252531142143685,0.1590432541107291,0.13404561684587385,93.26585933607893,54.630650824415355,239.0075192362824,230.61809867366168,0.3167582464162263,8.138462126439094e-12,0.0,0.0,0.11236229384220026,0.00013502480089851553,5.4288220444018584,8,0.0033124161418527365
3,35,709,3,ok,0.4058063486030442,0.08181449647856087,0.06393435131320009,0.22241947164806442,0.12349910256710098,101.34265757802567,100.91742674832373,290.5258956809359,236.81001154473117,0.49841997709099056,4.232725281383409e-15,0.0,0.0,0.08047688626219307,0.00012174771154198648,7.919712063424101,10,0.003433458972722292
3,36,988,4,ok,0.002185171042736262,0.03817323633339208,0.0632858597158867,0.09801957726921529,0.09759207095922767,42.92817989052784,47.82663496587688,471.64148125359065,238.3975967122934,0.03815945499697346,6.74168082470672e-11,8.881784197001252e-16,8.881784197001252e-16,0.1330337110444478,0.0001459717966425509,3.6407445942270575,6,0.00263858400285244
3,37,1569,6,ok,0.19026020940693023,0.023679787558843146,0.009046501665946446,0.10922312488744496,0.07225267753366173,27.40035967237206,30.952907692797567,303.1587370423995,276.2854976248676,0.34928005018650166,7.327471962526033e-15,0.0,0.0,0.10775490196162049,0.00015102586223643448,4.647370186372805,8,0.003394708037376404
3,38,1439,4,ok,0.2450048864711294,0.1046999201045602,0.13529882811527613,0.21755249260595386,0.14744921833535296,124.66077217634546,150.93203617804247,191.76039243191187,187.48140704422306,0.3940772292882398,3.0242475190789264e-13,1.7763568394002505e-15,1.8041124150158794e-15,0.10062488478529774,8.330929501938537e-05,5.44422092894986,9,0.0034721659030765295
3,39,116,2,ok,0.07776101853006981,0.03178582761559867,0.012796731531844706,0.09719343535793906,0.08885812626022982,37.38146716013827,29.520961217332463,406.1599064883566,390.52685396731783,0.2259054191413939,1.2354642309198027e-10,1.7763568394002505e-15,1.7728873924482969e-15,0.12274739741879995,0.0001856740411891087,4.00615217238394,7,0.0030121251475065947
9,0,485,1,ok,0.7953715083901249,0.2582281230548604,0.3714656362179356,0.39218843385938795,0.16369201324631252,309.8271277746102,120.8459652841448,19.442162138299796,15.181928873218977,0.667008393658791,2.3674340265955607e-11,6.217248937900877e-15,6.106226635438361e-15,0.03901606768392261,0.00011858316247660746,21.962957887172244,11,0.0035666250623762608
9,1,1579,0,ok,2.56709235702216,0.28580260283535175,0.03765095935587988,0.7093208287314317,0.03587288586836984,5510.742063288229,50.27770892975235,38.71254838960848,38.634046290658695,0.9435243200275398,5.935907321230616e-11,8.881784197001252e-15,8.895661984809067e-15,6.103755444716202e-05,3.2568967676453365e-06,445.77352010401273,18,0.00550995790399611
9,2,837,7,ok,2.1473938131126005,0.1692923058281961,0.0830029972128024,0.6503636562871365,0.036278476951583455,1348.1476050105944,45.05621949960871,17.528652032431474,18.851046791521757,0.9140720936432815,2.3425705819590803e-14,8.881784197001252e-16,8.604228440844963e-16,0.0003271041708665101,1.1998621611015954e-05,237.13794001091597,17,0.004660208942368627
9,3,1200,7,ok,2.0990499864342365,0.1687665470915789,0.04822703973532375,0.6479388691634598,0.03955339617465534,1609.8839864036577,25.308467361693673,8.306769071821542,18.363308731837012,0.9098159598140597,1.234568003383174e-13,8.881784197001252e-16,1.096345236817342e-15,0.00039688517661314835,2.0794799030522287e-05,110.7209704898894,16,0.004586333874613047
9,4,1099,0,ok,2.7422767151704903,0.20589744074143113,0.06867324193462437,0.7219532519194481,0.024379369969178995,5091.453290520838,47.14958302063886,33.0847762622448,25.984101247017534,0.9525998333569229,1.3003897958441257e-10,7.105427357601002e-15,6.661338147750939e-15,3.0288009274213185e-05,2.6760750087360937e-06,478.3692325381441,17,0.004703707993030548
9,5,675,9,ok,2.3293130350417606,0.3508102904049588,0.1479074855771635,0.6986209341563286,0.052411783817245636,7832.013026179194,17.778742750458804,8.393736713206168,6.732283284248344,0.928364595751398,1.2620238187821542e-11,2.042810365310288e-14,2.0372592501871623e-14,0.00015800181347145137,1.1749031115363728e-05,134.93306013241596,17,0.005238333018496633
9,6,619,3,ok,1.451906812368124,0.1565196163393745,0.03414848546395848,0.5242947116998616,0.0750177958292536,409.78002410543047,89.28948876609098,17.961667139577788,10.933130700791988,0.8277400411646819,2.653433028854124e-14,8.881784197001252e-16,8.534839501805891e-16,0.005129316813418293,3.0748181706756105e-05,48.770111960357255,14,0.003619584022089839
9,7,163,5,ok,1.8403010034963092,0.11152781047735516,0.19005560708877214,0.597363786079882,0.03922842099605549,616.2714545007075,28.91962527515819,16.915325969800726,10.722591052564676,0.8831838311521014,9.07940389538453e-13,4.440892098500626e-16,2.498001805406602e-16,0.0011165867656633475,2.7969487091026533e-05,53.67688792210653,14,0.004365457920357585
9,8,1229,0,ok,1.494037250830039,0.4740032223643196,0.06571380233731527,0.6007028438397949,0.13605458644554005,2106.8921647220823,62.15883421488565,29.846072610288207,17.148229553660762,0.8348472645489622,3.968236850226958e-11,8.881784197001252e-15,8.895661984809067e-15,0.004369057962066648,3.89496239386475e-05,77.71822261034711,15,0.004208042053505778
9,9,492,6,ok,0.5581561516675868,0.09109565867434677,0.13947838882671554,0.2185673975481558,0.12210339503450676,101.00910765900949,24.53400410508249,66.72227941694433,27.91428719741684,0.5746086306038193,6.9111383282915995e-15,1.7763568394002505e-15,1.7763568394002505e-15,0.06279223783739615,0.0002507832190525156,18.258723973336163,10,0.0037504159845411777
9,10,1135,7,ok,1.8820807783104652,0.34609767305099126,0.3112147691215867,0.6178503404601862,0.08082802043499453,1347.6573689793129,104.60913456660552,23.886656024316093,9.102924988094296,0.8879638374712093,2.581046487648564e-12,0.0,0.0,0.0009449930258283837,8.284435893858134e-06,247.91593869958996,15,0.004541457863524556
9,11,78,0,ok,2.2283948134645364,0.30835444184904937,0.2585125012926453,0.6787350924883135,0.049532432459476396,4361.518559247587,54.772770762161876,31.0822051735827,22.448862250505723,0.9207579061141219,1.06314956838105e-12,0.0,0.0,0.0002365781386482798,6.969512202598321e-06,247.90020480357958,17,0.005501250037923455
9,12,513,8,ok,0.39778435855244676,0.057973043355474374,0.05752224924278674,0.18485242404525626,0.10499236477271243,66.30602584523328,14.999894374400482,48.694802619548376,30.155178614683045,0.49390571121752425,2.609162885747196e-12,1.7763568394002505e-15,1.797173521111972e-15,0.08144965514757999,0.0004802955764457135,8.336227425159517,9,0.003459957893937826
9,13,1698,9,ok,1.7170151905817947,0.13406656774871273,0.09444987900325337,0.5714689758317885,0.055726416115850545,455.7599178096191,56.81077200262609,28.744442003063508,26.58592134128825,0.867856621187437,7.6216810640517e-11,8.881784197001252e-16,9.159339953157541e-16,0.001824588066277031,2.3252696254559324e-05,71.92137832836052,13,0.004160915967077017
9,14,157,7,ok,1.6322272135110936,0.12774331068919587,0.21081612799865748,0.5611441448384488,0.05414342542989826,532.8531123026548,42.840965618845935,12.649961523250655,15.88416913904261,0.8561636549180293,3.3848479574771773e-12,8.881784197001252e-16,9.43689570931383e-16,0.0025517613360777746,2.8631345128533876e-05,43.70833515832674,13,0.004354542121291161
9,15,592,8,ok,0.7865282732487753,0.21475397102122074,0.2530862395942659,0.4058725017528859,0.1584146637916585,347.0885141262155,66.85537772106218,6.851625832275289,7.350859735740399,0.6640008566943387,2.1758150836603818e-11,4.884981308350689e-15,4.829470157119431e-15,0.03980397856361236,0.00015683067670894395,12.593183405586421,11,0.003942291950806975
9,16,197,6,ok,2.7897997770861807,0.2163323939792221,0.21965513445977636,0.7302174917412559,0.022684759647268862,9048.441234460686,42.73110100286738,30.53258332850893,17.98388038784129,0.9547997470773714,1.6945800318524107e-10,1.7246648553737032e-11,1.724703713179565e-11,2.504463558768198e-05,3.072180016823393e-06,314.7800540152197,18,0.0056409589014947414
9,17,1078,0,ok,0.9050467345362456,0.2946732067884197,0.33813756406175816,0.36899008375562375,0.1441985762477951,280.2075674760933,264.996946092953,57.941588524548536,20.325351627579067,0.7019954517764386,7.93809462606987e-15,3.552713678800501e-15,3.7192471324942744e-15,0.029962089288956054,5.4062443019879725e-05,142.35183240536938,14,0.0043676248751580715
9,18,907,2,ok,2.3337060719560334,0.18616303869697592,0.1481120306069998,0.6816363001497427,0.03165795580504103,2976.387200799033,68.17357000398172,31.021577293026358,20.033463079856855,0.9286786025000229,6.994405055138486e-15,8.881784197001252e-16,8.326672684688674e-16,0.00015524963546752045,5.461901160453513e-06,167.8836473698991,16,0.004703041864559054
9,19,468,6,ok,2.6256253034091266,0.2330572751453417,0.19107463994105695,0.7143997009803128,0.029319711319392493,5719.690864915809,47.051072462736236,26.722202805935307,18.343288735583126,0.9467351224523763,1.2077228106477378e-11,9.473311024521536e-12,9.473311024521536e-12,4.829642477665718e-05,4.336507346905543e-06,330.71797265167277,16,0.004729999927803874
9,20,1766,1,ok,1.9024574186512,0.21300592253213413,0.12571735800287,0.6286286752368634,0.05705972382724177,1837.2534381995129,36.9880433702467,19.714405698717,17.734464132941522,0.8902236567103043,4.554689958524705e-12,1.509903313490213e-14,1.50712775592865e-14,0.0008711017732337175,3.9340847460154914e-05,57.352026119832274,13,0.004295749822631478
9,21,482,8,ok,0.5703815081828572,0.08429134616894696,0.03153740128980603,0.2961504545266157,0.11326502218785058,121.5771004580433,27.446498364356838,58.63022761548106,85.66022824526752,0.5800530533055378,6.106226635438361e-15,8.881784197001252e-16,8.951173136040325e-16,0.06144528895002859,0.00031889854990626887,6.404908009261829,11,0.0031851250678300858
9,22,251,9,ok,1.4909667207424144,0.11824380448731331,0.06511719324855687,0.5310424316819141,0.0597903642858086,391.55150939437414,63.155482578077724,25.868607490446756,32.552622784541626,0.8343393442471488,1.145861183715624e-12,5.329070518200751e-15,5.315192730392937e-15,0.004420743407563341,3.478865948713652e-05,30.4908018890932,14,0.004693708848208189
9,23,366,4,ok,2.2095015253396006,0.22906900662980512,0.24996674570770938,0.6671354011931739,0.04394314222993285,2556.9167614470803,38.93448763334079,19.151238037157242,29.281895936165423,0.9192465299269739,1.0350942325487722e-11,3.552713678800501e-15,3.524958103184872e-15,0.00025514990757045356,1.2176525872751259e-05,198.23655674857312,16,0.005312416004016995
9,24,524,8,ok,1.226814133601751,0.17086538046158672,-0.0721403654826153,0.4849334699588036,0.10046261403185208,429.7350574843213,74.74775844432476,12.249350135446521,35.48412949187123,0.7842364829545605,7.966960424710123e-13,2.6645352591003757e-15,2.67841304690819e-15,0.011528484490543445,7.857576135045192e-05,25.99899797192761,12,0.0036839169915765524
9,25,1730,3,ok,1.2449181791500066,0.052606187370675794,0.05034318946308196,0.43106715835135245,0.05956055422020958,74.92178508868962,43.911472728514184,28.68953693618048,25.512398527836705,0.7881106644543729,1.5164536293355013e-12,0.0,6.938893903907228e-18,0.01084125134500764,3.9868517375367786e-05,42.73339520134612,11,0.003257333068177104
9,26,44,7,ok,2.1484126354510984,0.1613526242410357,0.12684842355818776,0.6514546344998745,0.038331033345571836,1346.4053037786584,41.80469344872981,19.365121449984905,22.2607126611709,0.9141595943325377,1.4765966227514582e-14,8.881784197001252e-16,8.881784197001252e-16,0.00032577386953378234,1.1035298925994008e-05,139.7281893205306,16,0.004352665971964598
9,27,1226,9,ok,1.871575345284425,0.11457486291605612,0.09760889211612583,0.6006042772590974,0.04098293301045628,564.3270928933442,44.21698538900749,24.66450601417176,30.139792061783684,0.8867806445660167,1.9111379145897445e-12,4.440892098500626e-15,4.440892098500626e-15,0.0009854955245178591,2.2003660689593352e-05,71.62460199900663,14,0.0037842500023543835
9,28,904,9,ok,1.5552871586241368,0.07491767012182482,0.15968551633253986,0.5264206049149209,0.04606423447574362,185.81661062608137,19.38545278916785,21.902570130908558,32.89099496663863,0.8446597514781012,5.932010438414181e-11,7.105427357601002e-15,7.105427357601002e-15,0.003448794462231765,4.000706798811553e-05,43.5378838096482,12,0.004572832956910133
9,29,1696,9,ok,2.064996823005017,0.1220801252849073,0.053824800739652,0.6346513218852502,0.03430889501002746,848.1252668402032,49.225393248804444,36.76426900173578,21.824416272176613,0.9066920197867208,1.618646328083173e-10,8.881784197001252e-16,9.08995101411847e-16,0.0004547964605184345,1.3413480581442358e-05,104.11907199260494,13,0.004539791960269213
9,30,1021,5,ok,1.527039124941302,0.06231356347888006,0.056154357691269724,0.5093772862251073,0.047439591660748306,116.49468058265634,53.88841682499937,36.796291701472235,33.81304329433956,0.8402089535729835,4.3298697960381105e-15,8.881784197001252e-16,8.881784197001252e-16,0.003847941272947856,1.73150675477125e-05,74.02338104983455,15,0.004146291874349117
9,31,1251,7,ok,1.8133992296492263,0.10802116419652741,0.13512410537961664,0.5877336753453287,0.04024404974309695,491.5513267515355,39.584722117658565,21.512099940101294,21.301962870702415,0.8799986146040171,8.830958186933913e-11,1.3322676295501878e-15,1.1934897514720433e-15,0.0012431282099659036,2.580426433023208e-05,86.67891120451641,13,0.004475167021155357
9,32,1227,1,ok,2.751592881184333,0.2054609976005608,0.20909796512989964,0.7224993788777588,0.021445309531711466,5120.446554239949,41.186724505339264,21.68064472365522,15.082261203102325,0.9530393705985166,1.6685008930039658e-10,1.4049206242816581e-11,3.2794922333323484e-10,2.9180107849985844e-05,2.011025395470143e-06,667.9868119627387,19,0.005431166151538491
9,33,752,6,ok,2.1962545768788413,0.24503463987373575,0.16465069457206427,0.6657738298091201,0.04602429421402382,2475.1743504236942,53.740256679405,20.237192432765397,11.147113978475227,0.9181696761040878,4.624078897563777e-14,1.7763568394002505e-14,1.7263968032921184e-14,0.0002690342252392979,1.0461631741255168e-05,220.17178078264973,17,0.0047172498889267445
9,34,738,9,ok,2.1283125978327497,0.303916567781398,0.27278671620992123,0.6628539762737718,0.057658651391469404,2947.336667768378,32.42391521482307,13.442338649706318,12.210330529647326,0.9124167419233697,7.861600259673196e-12,2.2293278334473143e-13,2.2315482794965646e-13,0.00035304709443802554,1.837984823445059e-05,162.49155631448735,15,0.004250040976330638
9,35,709,3,ok,1.7271898278207578,0.10643548920098933,0.03912378341746453,0.5612665260162023,0.04669530482751499,256.930516956102,34.84056644176526,32.1654070836411,17.419163953598893,0.869194320327105,3.79363207514416e-13,4.440892098500626e-16,4.787836793695988e-16,0.0017523176461318006,1.0054540294654872e-05,191.95901787297095,15,0.004077167017385364
9,36,988,4,ok,1.3350627957801295,0.7986528952406715,0.44175182220228565,0.6589401448584525,0.22575534567840222,3843.187095722953,15.552235599037218,1.587965166966469,6.504507806050393,0.8063848612288732,3.745193044579764e-11,4.440892098500626e-16,4.996003610813204e-16,0.007900397042440756,6.839071606689625e-06,31.967751947020947,13,0.00438266689889133
9,37,1569,6,ok,1.3519375507801623,0.08218271968589175,0.10174377791625154,0.4605164522501729,0.06745759743419516,106.85912452986832,45.71431170628843,12.855564441348946,10.509358886940012,0.8096256621971921,2.9077962260259937e-11,1.7763568394002505e-15,1.762479051592436e-15,0.00743284281414186,3.2054967089356216e-05,103.29901251917484,12,0.003727500094100833
9,38,1439,4,ok,2.908304668138925,0.2380214918887127,0.15498068261925746,0.7434427759787963,0.02157006860109835,17534.80532673333,19.44302330985157,12.570878136988924,22.10830697859398,0.959850989644736,1.0242084957923225e-11,2.035704937952687e-12,2.035704937952687e-12,1.559016204044682e-05,4.923859730525722e-06,188.8317197977564,18,0.005603875033557415
9,39,116,2,ok,0.4777764289593476,0.22488478130564848,-0.11788535159560193,0.2748648273319464,0.20613426063748516,294.0697368191345,13.091997556542264,8.194058027595606,20.42154458728343,0.5364973512792155,1.6389328783006363e-10,4.440892098500626e-15,4.468647674116255e-15,0.0719263558857811,0.0001876920724662233,18.454510988053222,10,0.00425949995405972
